name	title	coding
t3_qrzawz	Anyone knows if there's now microwaves we can use at the redpath cafeteria?	f
t3_qrxzez	Algorithm &amp; Data structure resource	c
t3_qrwmyw	Immigration Hecticness - Advice??	o
t3_qrudix	hot water on campus?	r
t3_qru558	Psychiatric services at McGill are terrible	o
t3_qru0ac	Describe to me your lecture crush	o
t3_qrtyq8	Six months later, we are still demanding accountability for the McGill blacklist - SPHR	o
t3_qrovl4	Metro stops	o
t3_qrruj0	how to do better on ENGL essays?	c
t3_qrqr3m	ECON 468 study tips?	c
t3_qrnmhc	starbucks w/ seating?	f
t3_qrdj5k	Poutine place near McGill	f
t3_qrd10z	NOAH SCENTED MAYO SPOTTED AT TIPSY COW	o
t3_qrb74y	Mclennan/Redpath	o
t3_qrb441	Can't stop crying every day	o
t3_qrb0la	FREN 231 - Linguistique français as a non-native speaker?	c
t3_qr9i24	How likely are class locations to change?	c
t3_qr8xfp	Getting undergrad research position when you aren’t an outstanding student	o
t3_qr8mpn	I have seen a white squirrel outside of Mcgill	o
t3_qr62ge	Leetcode club?	o
t3_qr4ttx	Found Cloudberry's nemesis, does he have a name?	o
t3_qr3qcc	COMP 251 MIDTERM	c
t3_qr2cq0	Religions of east Asia	o
t3_qr19q4	Can Profs remove rate my prof ratings/comments?	c
t3_qqzdrh	Class rank for MSc. application?	c
t3_qqzrhw	Study Permit expiry date changed?	o
t3_qqx044	Reaching out to a professor?	c
t3_qqwdur	Working at a residence dining hall?	r
t3_qquzwa	covid testing at hotel dieu: questions	o
t3_qqmzrs	How does taking a course or two at Concordia work?	c
t3_qqrn2l	Feeling bummed knowing I don’t got what it takes to make it to medicine	o
t3_qqonfn	Does Prof. Daniel Cere award grades above 85% / is common or possible to get 90-95% ?	c
t3_qqn7bu	ECON 257 A3	c
t3_qqn56k	How safe are the buildings lockers?	o
t3_qqllz3	Unlimited Maple appointments ?	o
t3_qqlli3	Anyone else gonna be an old ass undergrad?	o
t3_qqhn2j	Feeling really dumb at mcgill	o
t3_qqgojh	What is the secret to staying on top of things?	o
t3_qqf5wt	Get Paid to do Self-Guided Research! McGill Journal of Human Behavior Research Fellowship	o
t3_qq9z2a	Question/concerns regarding inter-faculty Major transfer	c
t3_qqbjfk	Comp302 Assignment	c
t3_qqcztm	Has your exchange application been reinstated?	o
t3_qqdm8o	Group chat for Econ408	c
t3_qqd74r	In need of a study buddy	c
t3_qqd26j	Present thoughts (Rant)	o
t3_qqcxo7	How to review for Comp 250/273?	c
t3_qqb9as	Math 315 MT2	c
t3_qqa0m5	Classes not being in person this winter....	c
t3_qq9nhv	someone should start a dating club at McGill	o
t3_qq9hxp	Is there a difference between PSYC 395 and 494?	c
